"createAt","Email","Note1","ID","Modified","Created","Created By","Modified By","Color","Title","Status","User_ID"
"13/05/2025 10:00",,"- Genbak line 1
- Release production
- Testing cloud","12","15/05/2025 00:19","15/05/2025 00:19","HOK SOCHETRA","HOK SOCHETRA","#EAFDCF","Morning Talk",,
"14/05/2025 11:01",,"- Genbak line 1
- Release production
- Testing cloud","13","15/05/2025 00:28","15/05/2025 00:28","HOK SOCHETRA","HOK SOCHETRA","#BAD9B5","Classroom",,
"23/05/2025 00:00",,"- Kenbak 
- Discussing
- Modified code
- Add feature
- Testing","16","15/05/2025 01:11","15/05/2025 01:11","HOK SOCHETRA","HOK SOCHETRA","#8E8358","Asakai",,
"14/05/2025 18:10",,"- Developer testing
- Fix bug
- Scan vulnerability
- Scalability
- Reduce latency","17","15/05/2025 01:12","15/05/2025 01:12","HOK SOCHETRA","HOK SOCHETRA","#E5BEED","Deploy production",,
"22/05/2025 15:09",,,"18","15/05/2025 20:57","15/05/2025 20:57","HOK SOCHETRA","HOK SOCHETRA","#FFFC99","Production discussing",,
"22/05/2025 15:09",,,"19","15/05/2025 22:42","15/05/2025 22:42","HOK SOCHETRA","HOK SOCHETRA","#9593D9","wert",,
