"NotedID","SubNote","Status","ID","Modified","Created","Created By","Modified By","Title"
"12","Complete tasks","True","1","15/05/2025 21:15","15/05/2025 18:51","HOK SOCHETRA","HOK SOCHETRA",
"17","Hello","true","2","15/05/2025 20:43","15/05/2025 19:15","HOK SOCHETRA","HOK SOCHETRA",
,"Hello brother","False","3","15/05/2025 20:40","15/05/2025 20:10","HOK SOCHETRA","HOK SOCHETRA",
"17","Heelo","True","4","15/05/2025 21:15","15/05/2025 20:14","HOK SOCHETRA","HOK SOCHETRA",
"12","Test","True","5","15/05/2025 21:15","15/05/2025 20:15","HOK SOCHETRA","HOK SOCHETRA",
"12","Hello my friend",,"6","15/05/2025 20:48","15/05/2025 20:48","HOK SOCHETRA","HOK SOCHETRA",
"12","tetsing
","true","7","15/05/2025 20:48","15/05/2025 20:48","HOK SOCHETRA","HOK SOCHETRA",
"13","Hello","true","8","15/05/2025 20:50","15/05/2025 20:49","HOK SOCHETRA","HOK SOCHETRA",
"17","Tesing","true","9","15/05/2025 20:50","15/05/2025 20:49","HOK SOCHETRA","HOK SOCHETRA",
"12","tets","true","10","15/05/2025 20:50","15/05/2025 20:50","HOK SOCHETRA","HOK SOCHETRA",
"12","Hello","true","11","15/05/2025 20:54","15/05/2025 20:54","HOK SOCHETRA","HOK SOCHETRA",
