{"name":"a3065b2e-2420-406c-a497-22038fa666c1","id":"/providers/Microsoft.Flow/flows/a3065b2e-2420-406c-a497-22038fa666c1","type":"Microsoft.Flow/flows","properties":{"apiId":"/providers/Microsoft.PowerApps/apis/shared_logicflows","displayName":"Training_Send_Email_From_PowerApps","definition":{"metadata":{"workflowEntityId":null,"processAdvisorMetadata":null,"flowChargedByPaygo":null,"flowclientsuspensionreason":"None","flowclientsuspensiontime":null,"flowclientsuspensionreasondetails":null,"creator":{"id":"32a4ad94-23c1-4c1e-a54a-7a2ed9a49e5a","type":"User","tenantId":"69405920-b673-4f7c-8845-e124e9d08af2"},"provisioningMethod":"FromDefinition","failureAlertSubscription":true,"clientLastModifiedTime":"2024-12-02T06:32:24.2586185Z","connectionKeySavedTimeKey":"2024-12-02T06:32:24.2586185Z"},"$schema":"https://schema.management.azure.com/providers/Microsoft.Logic/schemas/2016-06-01/workflowdefinition.json#","contentVersion":"undefined","parameters":{"$authentication":{"defaultValue":{},"type":"SecureObject"},"$connections":{"defaultValue":{},"type":"Object"}},"triggers":{"manual":{"metadata":{"operationMetadataId":"7a13b226-3ef7-4b64-8a17-a7fbbaf23687"},"type":"Request","kind":"PowerAppV2","inputs":{"schema":{"type":"object","properties":{"text":{"description":"Data email from powerapp","title":"Email","type":"string","x-ms-content-hint":"TEXT","x-ms-dynamically-added":true},"text_1":{"description":"Subject Email","title":"Subject","type":"string","x-ms-content-hint":"TEXT","x-ms-dynamically-added":true},"text_2":{"description":"Email Body","title":"Body_Email","type":"string","x-ms-content-hint":"TEXT","x-ms-dynamically-added":true},"number":{"description":"Please enter a number","title":"Data_Value","type":"number","x-ms-content-hint":"NUMBER","x-ms-dynamically-added":true}},"required":["text","text_1","text_2","number"]}}}},"actions":{"Send_an_email_(V2)":{"runAfter":{},"metadata":{"operationMetadataId":"3f8b8dd4-a0eb-40a6-a2aa-273af1b04a56"},"type":"OpenApiConnection","inputs":{"parameters":{"emailMessage/To":"@triggerBody()?['text']","emailMessage/Subject":"This is email from : @{triggerBody()?['text_1']}","emailMessage/Body":"<p class=\"editor-paragraph\">Helo sir.</p><p class=\"editor-paragraph\">This is my informaition:</p><br><p class=\"editor-paragraph\">@{triggerBody()?['text_2']}</p><p class=\"editor-paragraph\">Value: @{triggerBody()?['number']}</p><br><p class=\"editor-paragraph\">Thanks you</p><br>","emailMessage/Cc":"rathana.lan.a3f@ap.denso.com","emailMessage/Bcc":"rathana.lan.a3f@ap.denso.com","emailMessage/Sensitivity":"7ed1414a-99f2-46f9-bbe5-740af8d1b502","emailMessage/ReplyTo":"veasna.khut.a6f@ap.denso.com;rachana.cheang.a9e@ap.denso.com","emailMessage/Importance":"High"},"host":{"apiId":"/providers/Microsoft.PowerApps/apis/shared_office365","connectionName":"shared_office365","operationId":"SendEmailV2"},"authentication":{"value":"@json(decodeBase64(triggerOutputs().headers['X-MS-APIM-Tokens']))['$ConnectionKey']","type":"Raw"}}}}},"connectionReferences":{"shared_office365":{"connectionName":"304b994c70a44cd48f06320d68802ec2","source":"Invoker","id":"/providers/Microsoft.PowerApps/apis/shared_office365","tier":"NotSpecified","apiName":"office365"}},"flowFailureAlertSubscribed":false,"isManaged":false}}