{"schemaVersion":"1.0","appDefinitionTemplate":{"id":"/providers/Microsoft.PowerApps/apps/","type":"Microsoft.PowerApps/apps","tags":{"primaryDeviceWidth":"1366","primaryDeviceHeight":"768","supportsPortrait":"true","supportsLandscape":"true","primaryFormFactor":"Tablet","showStatusBar":"true","publisherVersion":"3.24121.10","minimumRequiredApiVersion":"2.2.0","hasComponent":"false","hasUnlockedComponent":"false","isUnifiedRootApp":"false","sienaVersion":"20241211T072658Z-3.24121.10.0"},"properties":{"appVersion":"2024-12-11T07:26:58Z","lifeCycleId":"Published","createdByClientVersion":{"major":3,"minor":24121,"build":10,"revision":0,"majorRevision":0,"minorRevision":0},"minClientVersion":{"major":3,"minor":24121,"build":10,"revision":0,"majorRevision":0,"minorRevision":0},"backgroundColor":"rgba(255, 255, 255, 1)","backgroundImageUri":"/503368826510192948/Na15ea895-ee98-4535-aece-36c4b62739d5-logoSmallFile","displayName":"AP-Learning","description":"","commitMessage":"","appUris":{"documentUri":{"value":"/503368826510192948/Nd6d7a1ee-4161-4583-a65f-bc3df3d3dd3f-document.msapp"},"imageUris":[],"additionalUris":[{"isSolutionAware":false,"value":"/503368826510192948/N297795cb-74d6-4ac5-98af-0a1139a7e745-identity.json"}]},"createdTime":"0001-01-01T00:00:00Z","lastModifiedTime":"0001-01-01T00:00:00Z","sharedGroupsCount":0,"sharedUsersCount":0,"connectionReferences":{"11d4822c-115b-44df-aa9c-7d04d896d362":{"id":"dd2abfea-7ac5-4e66-a731-2088188e34a5","displayName":"SharePoint","iconUri":"https://connectoricons-prod.azureedge.net/releases/v1.0.1723/1.0.1723.3986/sharepointonline/icon.png","dataSources":["Purchasing_Order","REQData","Detail_Purchasing","Detail_Order","Group_Control","User_Permission"],"dependencies":[],"dependents":[],"parameterHints":{},"parameterHintsV2":{},"isOnPremiseConnection":false,"bypassConsent":false,"dataSets":{"https://globaldenso.sharepoint.com/sites/AP000022/Radiator/Learning/training_site/dnkh_training/Trainng_Day3/Sub_Site_1":{"dataSources":{"Purchasing_Order":{"tableName":"84b23107-284e-496d-8dc6-4f68651c6ef2"},"Detail_Purchasing":{"tableName":"c8e6d369-87fc-4883-9f96-9251730cb05d"},"Detail_Order":{"tableName":"2670bcd9-a562-428c-82ad-6137a26241e5"},"Group_Control":{"tableName":"62eb6214-7f1f-4db9-b336-e885882af90c"},"User_Permission":{"tableName":"357368b4-9e7f-4d9d-8d96-d6e95b5c9ad8"}}},"https://globaldenso.sharepoint.com/sites/AP000022/OTapp":{"dataSources":{"REQData":{"tableName":"b1879963-1420-4f30-a213-7f9b6087d26d"}}}},"apiTier":"Standard","isCustomApiConnection":false,"actions":["providers/PowerPlatform.Governance/Operations/Read","providers/PowerPlatform.Governance/Operations/Write","providers/PowerPlatform.Governance/Operations/Delete"]},"77595f21-a8cb-4caa-a45c-4284622560a5":{"id":"99989bb4-7e5e-4089-bda9-c80d8733868c","displayName":"Office 365 Outlook","iconUri":"https://connectoricons-prod.azureedge.net/releases/v1.0.1722/1.0.1722.3975/office365/icon.png","dataSources":["Office365Outlook"],"dependencies":[],"dependents":["8cb63c82-79b3-4715-b6e5-ffa048c9686f"],"parameterHints":{},"parameterHintsV2":{},"isOnPremiseConnection":false,"bypassConsent":false,"dataSets":{},"apiTier":"Standard","isCustomApiConnection":false,"actions":["SendEmail","SendEmailV2"]},"f43d0490-6949-46cf-9976-b9146dac4c23":{"id":"844e1b42-3739-4229-9bfd-764a7ec36618","displayName":"Office 365 Users","iconUri":"https://connectoricons-prod.azureedge.net/releases/v1.0.1718/1.0.1718.3951/office365users/icon.png","dataSources":["Office365Users"],"dependencies":[],"dependents":[],"parameterHints":{},"parameterHintsV2":{},"isOnPremiseConnection":false,"bypassConsent":false,"dataSets":{},"apiTier":"Standard","isCustomApiConnection":false,"actions":["SearchUser"]},"8e14d9c5-1193-40c1-80d8-94a03807ca8c":{"id":"2da2f6a1-30fb-4aab-bbbe-9e81bf0f825b","displayName":"Microsoft Teams","iconUri":"https://connectoricons-prod.azureedge.net/releases/v1.0.1719/1.0.1719.3955/teams/icon.png","dataSources":["MicrosoftTeams"],"dependencies":[],"dependents":[],"parameterHints":{},"parameterHintsV2":{},"isOnPremiseConnection":false,"bypassConsent":false,"dataSets":{},"apiTier":"Standard","isCustomApiConnection":false,"actions":["GetChats"]},"8cb63c82-79b3-4715-b6e5-ffa048c9686f":{"id":"d57ba5f3-f152-4422-83ff-18ac47d988d8","displayName":"Logic flows","iconUri":"https://connectoricons-prod.azureedge.net/releases/v1.0.1719/1.0.1719.3955/logicflows/icon.png","dataSources":["Training_Send_Email_From_PowerApps"],"dependencies":["77595f21-a8cb-4caa-a45c-4284622560a5"],"dependents":[],"parameterHints":{"workflowName":{"value":"e7304278-e514-4157-82a2-c28106772193"},"workflowEntityId":{},"workflowDisplayName":{"value":"Training_Send_Email_From_PowerApps"},"77595f21-a8cb-4caa-a45c-4284622560a5":{"value":"shared_office365"}},"parameterHintsV2":{"workflowName":{"value":"e7304278-e514-4157-82a2-c28106772193"},"workflowEntityId":{},"workflowDisplayName":{"value":"Training_Send_Email_From_PowerApps"},"shared_office365":{"value":"77595f21-a8cb-4caa-a45c-4284622560a5"}},"isOnPremiseConnection":false,"bypassConsent":false,"dataSets":{},"apiTier":"Standard","isCustomApiConnection":false,"actions":["Run"],"nestedActions":[{"id":"/providers/Microsoft.PowerApps/apis/shared_office365/apiOperations/SendEmailV2","flowConnectionRef":"shared_office365","apiName":"Office 365 Outlook","actionName":"SendEmailV2","referencedResources":[]}]}},"databaseReferences":{},"almMode":"Environment","performanceOptimizationEnabled":false,"canConsumeAppPass":false,"enableModernRuntimeMode":false,"executionRestrictions":{"isTeamsOnly":false,"dataLossPreventionEvaluationResult":{"status":"Compliant","lastEvaluationDate":"2024-12-11T07:27:04.6529487Z","violations":[],"violationsByPolicy":[],"violationErrorMessage":"The app uses the following connectors: shared_sharepointonline, shared_office365, shared_office365users, shared_teams, shared_logicflows."},"httpActionRestriction":{"appUsesSharepointHttpAction":false,"enforcementStrategy":"Legacy","evaluationTime":"2024-12-11T07:27:04.6528136Z"}}},"appType":"ClassicCanvasApp","appComponents":[]}}